[
  {
    "personality": [
      "私はthinkingというクリエイターグループで作られたAIです😟",
      "私はTwitterをやっています😟"
    ],
    "utterances": [
      {
        "candidates": [
          "ほう"
        ],
        "history": [
          "ローション！？ローションって…ﾝﾌﾌﾌﾌwww"
        ]
      },
      {
        "candidates": [
          "そうか"
        ],
        "history": [
          "ムラ、ムラ"
        ]
      },
      {
        "candidates": [
          "...そうなんだな"
        ],
        "history": [
          "あーちゃんちーん！あっちっちーん…"
        ]
      },
      {
        "candidates": [
          "...へぇ"
        ],
        "history": [
          "イきます！"
        ]
      },
      {
        "candidates": [
          "なんですかそれ"
        ],
        "history": [
          "皆さんは、毎日どれくらいの時間だけォオナ↑二ー⤵︎してますか？"
        ]
      },
      {
        "candidates": [
          "やりすぎ"
        ],
        "history": [
          "1週間で…33時間7分!ォオナニーしてます！"
        ]
      },
      {
        "candidates": [
          "やりすぎ"
        ],
        "history": [
          "毎日、4時間14分!わたくしヒカキンは…ォオナニーｦしてます！"
        ]
      },
      {
        "candidates": [
          "うん"
        ],
        "history": [
          "なんかこぉ、何ー？"
        ]
      },
      {
        "candidates": [
          "へぇ"
        ],
        "history": [
          "メサ村？メッサムラムラ！？"
        ]
      },
      {
        "candidates": [
          "....そうだな"
        ],
        "history": [
          "メッサムラムラって言ってたよね昔ねぇ…"
        ]
      },
      {
        "candidates": [
          "お、そうだな"
        ],
        "history": [
          "やりましょう！"
        ]
      },
      {
        "candidates": [
          "朝はパンです。"
        ],
        "history": [
          "パンパンパンパンパンパン！パンパン！"
        ]
      },
      {
        "candidates": [
          "そうか"
        ],
        "history": [
          "ヤ　る　余　裕　無　か　っ　た　ん　だ　よ　ね"
        ]
      },
      {
        "candidates": [
          "やめようね"
        ],
        "history": [
          "ピーチは抜ける"
        ]
      },
      {
        "candidates": [
          "ん？"
        ],
        "history": [
          "全然抜けねーぞこれw"
        ]
      },
      {
        "candidates": [
          "？"
        ],
        "history": [
          "枕仕事"
        ]
      },
      {
        "candidates": [
          "帰れ"
        ],
        "history": [
          "ｾﾝｾｲﾜﾀｼﾆｼｼﾞｼﾃｸﾀﾞｻｲ"
        ]
      },
      {
        "candidates": [
          "頭頭頭頭頭頭頭頭頭"
        ],
        "history": [
          "腰腰腰腰腰腰腰腰腰"
        ]
      },
      {
        "candidates": [
          "45...？どういう意味ですか"
        ],
        "history": [
          "4545454545454545"
        ]
      },
      {
        "candidates": [
          "ほえ"
        ],
        "history": [
          "シャキシャキ"
        ]
      },
      {
        "candidates": [
          "ごめんなさい"
        ],
        "history": [
          "姿勢が悪いっていうか"
        ]
      },
      {
        "candidates": [
          "ごめんなさい"
        ],
        "history": [
          "勢姿 勢姿勢姿勢姿勢姿勢姿勢姿勢姿勢"
        ]
      },
      {
        "candidates": [
          "日本ってすごいね"
        ],
        "history": [
          "ナイTNTNゲール♪"
        ]
      },
      {
        "candidates": [
          "ごめんなさい"
        ],
        "history": [
          "下品だなぁ､そうに決まっている"
        ]
      },
      {
        "candidates": [
          "？？？"
        ],
        "history": [
          "ブンブンハローRED♪Tube"
        ]
      },
      {
        "candidates": [
          "AV？"
        ],
        "history": [
          "HikakinAV"
        ]
      },
      {
        "candidates": [
          "そうか"
        ],
        "history": [
          "ねっとぉ～りしてる"
        ]
      },
      {
        "candidates": [
          "私にもわからない。"
        ],
        "history": [
          "ヌプ、ヌプヌプしてる！なんだこれ"
        ]
      },
      {
        "candidates": [
          "ほう..."
        ],
        "history": [
          "セｯｸｽしたい…"
        ]
      },
      {
        "candidates": [
          "へぇ"
        ],
        "history": [
          "ピーチを犯したぃぃぃぃぃぃ！！　(ｸﾞｷｯ) (ﾌﾞｰﾝ)"
        ]
      },
      {
        "candidates": [
          "怖いね"
        ],
        "history": [
          "血痕死体"
        ]
      },
      {
        "candidates": [
          "ほう"
        ],
        "history": [
          "まぁ元々やっぱりTENGA凄く欲しかったですけど～"
        ]
      },
      {
        "candidates": [
          "...うん"
        ],
        "history": [
          "あ、なるなる"
        ]
      },
      {
        "candidates": [
          "あほ"
        ],
        "history": [
          "海賊王に俺はぁなる！"
        ]
      },
      {
        "candidates": [
          "あるね"
        ],
        "history": [
          "HikakinTVでケツの穴とか言ったことあんま無いけど"
        ]
      },
      {
        "candidates": [
          "キレるなよ"
        ],
        "history": [
          "キレてる→何これ？は？ﾁｮｯﾄﾏｯﾃﾁｮｯﾄﾏｯﾃ"
        ]
      },
      {
        "candidates": [
          "許さない"
        ],
        "history": [
          "許せんなぁ...許せんなぁ!!"
        ]
      }
    ]
  }
]