{
	"queues": [
		{
			"type": "conversation",
			"data": {
				"id": "1609731482989527040",
				"tweets": [
					{
						"id": "1609732905181265926",
						"text": "@thonkerBell \nこんにちは世界!!"
					},
					{
						"id": "1609732975176081409",
						"text": "@helloworld0000a せかい"
					},
					{
						"id": "1609734455903617027",
						"text": "@thonkerBell こんにちは世界!!"
					},
					{
						"id": "1609734515827802113",
						"text": "@helloworld0000a 今日は何しようかな"
					}
				]
			},
			"addedDate": "2023-01-02T02:06:52.625Z",
			"editedDate": "2023-01-02T02:13:11.460Z"
		},
		{
			"type": "conversation",
			"data": {
				"id": "1609735791227588608",
				"tweets": [
					{
						"id": "1609735808176504836",
						"text": "@thonkerBell  https://t.co/BoLuPTJriS"
					},
					{
						"id": "1609735855631118336",
						"text": "@kishida_bot_bot そうだな"
					},
					{
						"id": "1609735909301227521",
						"text": "@thonkerBell  へぇ😃そうなんだネ😁"
					},
					{
						"id": "1609735960820060161",
						"text": "@choco55562 そうだな"
					},
					{
						"id": "1609737098919088128",
						"text": "@thonkerBell https://t.co/BoLuPTJriS"
					},
					{
						"id": "1609737160701378560",
						"text": "@kishida_bot_bot そうだな"
					},
					{
						"id": "1609737993723453440",
						"text": "@thonkerBell  密です！"
					}
				]
			},
			"addedDate": "2023-01-02T02:18:24.432Z",
			"editedDate": "2023-01-02T02:27:05.418Z"
		},
		{
			"type": "conversation",
			"data": {
				"id": "1609737698457288705",
				"tweets": [
					{
						"id": "1609738028670410761",
						"text": "@thonkerBell \n新しいプログラミング言語で、Hello Worldしてみよう!!"
					},
					{
						"id": "1609738084974985216",
						"text": "@helloworld0000a いつかするよ"
					},
					{
						"id": "1609738288608182273",
						"text": "@thonkerBell   うん‼️そうだネ❣️"
					},
					{
						"id": "1609738341259579392",
						"text": "@choco55562 いつかするよ"
					}
				]
			},
			"addedDate": "2023-01-02T02:27:14.404Z",
			"editedDate": "2023-01-02T02:28:23.174Z"
		}
	]
}